ticker,subreddit,unix-time,epoch-time,num_comments
GME,wallstreetbets,1614024000,2/22/2021 14:00,77
GME,wallstreetbets,1614023100,2/22/2021 13:45,68
GME,wallstreetbets,1614022200,2/22/2021 13:30,70
GME,wallstreetbets,1614021300,2/22/2021 13:15,74
GME,wallstreetbets,1614020400,2/22/2021 13:00,67
GME,wallstreetbets,1614019500,2/22/2021 12:45,65
GME,wallstreetbets,1614018600,2/22/2021 12:30,69
GME,wallstreetbets,1614017700,2/22/2021 12:15,83
GME,wallstreetbets,1614016800,2/22/2021 12:00,68
GME,wallstreetbets,1614015900,2/22/2021 11:45,81
GME,wallstreetbets,1614015000,2/22/2021 11:30,63
GME,wallstreetbets,1614014100,2/22/2021 11:15,66
GME,wallstreetbets,1614013200,2/22/2021 11:00,91
GME,wallstreetbets,1614012300,2/22/2021 10:45,65
GME,wallstreetbets,1614011400,2/22/2021 10:30,84
GME,wallstreetbets,1614010500,2/22/2021 10:15,73
GME,wallstreetbets,1614009600,2/22/2021 10:00,78
GME,wallstreetbets,1614008700,2/22/2021 9:45,90
SPY,wallstreetbets,1614024000,2/22/2021 14:00,8
SPY,wallstreetbets,1614023100,2/22/2021 13:45,2
SPY,wallstreetbets,1614022200,2/22/2021 13:30,15
SPY,wallstreetbets,1614021300,2/22/2021 13:15,21
SPY,wallstreetbets,1614020400,2/22/2021 13:00,19
SPY,wallstreetbets,1614019500,2/22/2021 12:45,28
SPY,wallstreetbets,1614018600,2/22/2021 12:30,16
SPY,wallstreetbets,1614017700,2/22/2021 12:15,8
SPY,wallstreetbets,1614016800,2/22/2021 12:00,7
SPY,wallstreetbets,1614015900,2/22/2021 11:45,11
SPY,wallstreetbets,1614015000,2/22/2021 11:30,10
SPY,wallstreetbets,1614014100,2/22/2021 11:15,12
SPY,wallstreetbets,1614013200,2/22/2021 11:00,9
SPY,wallstreetbets,1614012300,2/22/2021 10:45,8
SPY,wallstreetbets,1614011400,2/22/2021 10:30,10
SPY,wallstreetbets,1614010500,2/22/2021 10:15,13
SPY,wallstreetbets,1614009600,2/22/2021 10:00,10
SPY,wallstreetbets,1614008700,2/22/2021 9:45,15
