GME,wallstreetbets,1614024000,2021-02-22 14:00:00,1,7,3
GME,wallstreetbets,1614023850,2021-02-22 13:57:00,3,3,3
GME,wallstreetbets,1614023700,2021-02-22 13:55:00,5,15,4
GME,wallstreetbets,1614023550,2021-02-22 13:52:00,2,9,2
GME,wallstreetbets,1614023400,2021-02-22 13:50:00,4,6,1
GME,wallstreetbets,1614023250,2021-02-22 13:47:00,4,4,1
GME,wallstreetbets,1614023100,2021-02-22 13:45:00,2,2,0
GME,wallstreetbets,1614022950,2021-02-22 13:42:00,2,4,2
GME,wallstreetbets,1614022800,2021-02-22 13:40:00,7,11,3
GME,wallstreetbets,1614022650,2021-02-22 13:37:00,4,7,0
GME,wallstreetbets,1614022500,2021-02-22 13:35:00,4,7,2
GME,wallstreetbets,1614022350,2021-02-22 13:32:00,4,5,2
GME,wallstreetbets,1614022200,2021-02-22 13:30:00,5,10,1
GME,wallstreetbets,1614022050,2021-02-22 13:27:00,4,4,3
GME,wallstreetbets,1614021900,2021-02-22 13:25:00,4,5,1
GME,wallstreetbets,1614021750,2021-02-22 13:22:00,4,2,3
GME,wallstreetbets,1614021600,2021-02-22 13:20:00,4,5,1
GME,wallstreetbets,1614021450,2021-02-22 13:17:00,3,8,3
GME,wallstreetbets,1614021300,2021-02-22 13:15:00,2,6,0
GME,wallstreetbets,1614021150,2021-02-22 13:12:00,4,8,1
GME,wallstreetbets,1614021000,2021-02-22 13:10:00,6,3,3
GME,wallstreetbets,1614020850,2021-02-22 13:07:00,3,10,2
GME,wallstreetbets,1614020700,2021-02-22 13:05:00,2,11,2
GME,wallstreetbets,1614020550,2021-02-22 13:02:00,2,7,0
GME,wallstreetbets,1614020400,2021-02-22 13:00:00,2,6,2
GME,wallstreetbets,1614020250,2021-02-22 12:57:00,5,4,0
GME,wallstreetbets,1614020100,2021-02-22 12:55:00,5,5,1
GME,wallstreetbets,1614019950,2021-02-22 12:52:00,3,8,1
GME,wallstreetbets,1614019800,2021-02-22 12:50:00,2,7,1
GME,wallstreetbets,1614019650,2021-02-22 12:47:00,4,6,3
GME,wallstreetbets,1614019500,2021-02-22 12:45:00,4,6,0
GME,wallstreetbets,1614019350,2021-02-22 12:42:00,2,4,3
GME,wallstreetbets,1614019200,2021-02-22 12:40:00,5,6,1
GME,wallstreetbets,1614019050,2021-02-22 12:37:00,3,5,1
GME,wallstreetbets,1614018900,2021-02-22 12:35:00,4,6,3
GME,wallstreetbets,1614018750,2021-02-22 12:32:00,4,4,3
GME,wallstreetbets,1614018600,2021-02-22 12:30:00,1,9,0
GME,wallstreetbets,1614018450,2021-02-22 12:27:00,3,9,1
GME,wallstreetbets,1614018300,2021-02-22 12:25:00,7,4,1
GME,wallstreetbets,1614018150,2021-02-22 12:22:00,5,3,2
GME,wallstreetbets,1614018000,2021-02-22 12:20:00,5,5,1
GME,wallstreetbets,1614017850,2021-02-22 12:17:00,5,5,3
GME,wallstreetbets,1614017700,2021-02-22 12:15:00,7,2,0
GME,wallstreetbets,1614017550,2021-02-22 12:12:00,7,6,5
GME,wallstreetbets,1614017400,2021-02-22 12:10:00,3,4,3
GME,wallstreetbets,1614017250,2021-02-22 12:07:00,5,4,2
GME,wallstreetbets,1614017100,2021-02-22 12:05:00,6,9,3
GME,wallstreetbets,1614016950,2021-02-22 12:02:00,10,6,0
GME,wallstreetbets,1614016800,2021-02-22 12:00:00,1,10,1
GME,wallstreetbets,1614016650,2021-02-22 11:57:00,1,4,1
GME,wallstreetbets,1614016500,2021-02-22 11:55:00,5,4,1
GME,wallstreetbets,1614016350,2021-02-22 11:52:00,6,13,0
GME,wallstreetbets,1614016200,2021-02-22 11:50:00,3,6,4
GME,wallstreetbets,1614016050,2021-02-22 11:47:00,1,4,3
GME,wallstreetbets,1614015900,2021-02-22 11:45:00,4,5,0
GME,wallstreetbets,1614015750,2021-02-22 11:42:00,3,8,1
GME,wallstreetbets,1614015600,2021-02-22 11:40:00,1,4,3
GME,wallstreetbets,1614015450,2021-02-22 11:37:00,11,10,3
GME,wallstreetbets,1614015300,2021-02-22 11:35:00,2,4,3
GME,wallstreetbets,1614015150,2021-02-22 11:32:00,8,8,1
GME,wallstreetbets,1614015000,2021-02-22 11:30:00,4,7,1
GME,wallstreetbets,1614014850,2021-02-22 11:27:00,1,2,1
GME,wallstreetbets,1614014700,2021-02-22 11:25:00,5,9,0
GME,wallstreetbets,1614014550,2021-02-22 11:22:00,1,8,2
GME,wallstreetbets,1614014400,2021-02-22 11:20:00,4,7,1
GME,wallstreetbets,1614014250,2021-02-22 11:17:00,2,4,4
GME,wallstreetbets,1614014100,2021-02-22 11:15:00,1,8,4
GME,wallstreetbets,1614013950,2021-02-22 11:12:00,4,6,2
GME,wallstreetbets,1614013800,2021-02-22 11:10:00,3,4,3
GME,wallstreetbets,1614013650,2021-02-22 11:07:00,0,7,4
GME,wallstreetbets,1614013500,2021-02-22 11:05:00,1,4,2
GME,wallstreetbets,1614013350,2021-02-22 11:02:00,1,9,3
GME,wallstreetbets,1614013200,2021-02-22 11:00:00,4,7,0
GME,wallstreetbets,1614013050,2021-02-22 10:57:00,3,10,2
GME,wallstreetbets,1614012900,2021-02-22 10:55:00,2,7,3
GME,wallstreetbets,1614012750,2021-02-22 10:52:00,1,7,4
GME,wallstreetbets,1614012600,2021-02-22 10:50:00,6,9,4
GME,wallstreetbets,1614012450,2021-02-22 10:47:00,4,16,2
GME,wallstreetbets,1614012300,2021-02-22 10:45:00,8,6,2
GME,wallstreetbets,1614012150,2021-02-22 10:42:00,6,7,2
GME,wallstreetbets,1614012000,2021-02-22 10:40:00,3,5,3
GME,wallstreetbets,1614011850,2021-02-22 10:37:00,1,5,2
GME,wallstreetbets,1614011700,2021-02-22 10:35:00,2,4,1
GME,wallstreetbets,1614011550,2021-02-22 10:32:00,2,3,3
GME,wallstreetbets,1614011400,2021-02-22 10:30:00,4,7,2
GME,wallstreetbets,1614011250,2021-02-22 10:27:00,4,3,1
GME,wallstreetbets,1614011100,2021-02-22 10:25:00,8,5,2
GME,wallstreetbets,1614010950,2021-02-22 10:22:00,6,10,1
GME,wallstreetbets,1614010800,2021-02-22 10:20:00,5,8,6
GME,wallstreetbets,1614010650,2021-02-22 10:17:00,2,4,5
GME,wallstreetbets,1614010500,2021-02-22 10:15:00,6,3,2
GME,wallstreetbets,1614010350,2021-02-22 10:12:00,4,6,2
GME,wallstreetbets,1614010200,2021-02-22 10:10:00,3,7,0
GME,wallstreetbets,1614010050,2021-02-22 10:07:00,6,4,5
GME,wallstreetbets,1614009900,2021-02-22 10:05:00,3,6,2
GME,wallstreetbets,1614009750,2021-02-22 10:02:00,3,8,2
GME,wallstreetbets,1614009600,2021-02-22 10:00:00,3,9,5
GME,wallstreetbets,1614009450,2021-02-22 09:57:00,3,7,4
GME,wallstreetbets,1614009300,2021-02-22 09:55:00,3,8,1
GME,wallstreetbets,1614009150,2021-02-22 09:52:00,2,4,0
GME,wallstreetbets,1614009000,2021-02-22 09:50:00,10,7,5
GME,wallstreetbets,1614008850,2021-02-22 09:47:00,2,4,1
GME,wallstreetbets,1614008700,2021-02-22 09:45:00,3,12,4
GME,wallstreetbets,1614008550,2021-02-22 09:42:00,9,5,3
GME,wallstreetbets,1614008400,2021-02-22 09:40:00,5,8,3
GME,wallstreetbets,1614008250,2021-02-22 09:37:00,6,5,4
GME,wallstreetbets,1614008100,2021-02-22 09:35:00,7,5,2
GME,wallstreetbets,1614007950,2021-02-22 09:32:00,3,4,2
SPY,wallstreetbets,1614024000,2021-02-22 14:00:00,0,1,0
SPY,wallstreetbets,1614023850,2021-02-22 13:57:00,0,0,0
SPY,wallstreetbets,1614023700,2021-02-22 13:55:00,0,1,0
SPY,wallstreetbets,1614023550,2021-02-22 13:52:00,0,1,1
SPY,wallstreetbets,1614023400,2021-02-22 13:50:00,0,1,1
SPY,wallstreetbets,1614023250,2021-02-22 13:47:00,1,1,0
SPY,wallstreetbets,1614023100,2021-02-22 13:45:00,0,0,0
SPY,wallstreetbets,1614022950,2021-02-22 13:42:00,0,1,0
SPY,wallstreetbets,1614022800,2021-02-22 13:40:00,0,0,0
SPY,wallstreetbets,1614022650,2021-02-22 13:37:00,0,0,0
SPY,wallstreetbets,1614022500,2021-02-22 13:35:00,1,0,0
SPY,wallstreetbets,1614022350,2021-02-22 13:32:00,0,0,0
SPY,wallstreetbets,1614022200,2021-02-22 13:30:00,1,2,0
SPY,wallstreetbets,1614022050,2021-02-22 13:27:00,1,1,0
SPY,wallstreetbets,1614021900,2021-02-22 13:25:00,1,0,0
SPY,wallstreetbets,1614021750,2021-02-22 13:22:00,2,2,0
SPY,wallstreetbets,1614021600,2021-02-22 13:20:00,0,1,0
SPY,wallstreetbets,1614021450,2021-02-22 13:17:00,1,2,1
SPY,wallstreetbets,1614021300,2021-02-22 13:15:00,0,3,1
SPY,wallstreetbets,1614021150,2021-02-22 13:12:00,0,1,3
SPY,wallstreetbets,1614021000,2021-02-22 13:10:00,1,4,0
SPY,wallstreetbets,1614020850,2021-02-22 13:07:00,1,2,1
SPY,wallstreetbets,1614020700,2021-02-22 13:05:00,0,0,0
SPY,wallstreetbets,1614020550,2021-02-22 13:02:00,1,2,0
SPY,wallstreetbets,1614020400,2021-02-22 13:00:00,0,4,1
SPY,wallstreetbets,1614020250,2021-02-22 12:57:00,1,0,1
SPY,wallstreetbets,1614020100,2021-02-22 12:55:00,0,1,1
SPY,wallstreetbets,1614019950,2021-02-22 12:52:00,0,0,0
SPY,wallstreetbets,1614019800,2021-02-22 12:50:00,5,2,0
SPY,wallstreetbets,1614019650,2021-02-22 12:47:00,1,2,0
SPY,wallstreetbets,1614019500,2021-02-22 12:45:00,2,1,1
SPY,wallstreetbets,1614019350,2021-02-22 12:42:00,2,2,1
SPY,wallstreetbets,1614019200,2021-02-22 12:40:00,3,4,1
SPY,wallstreetbets,1614019050,2021-02-22 12:37:00,1,3,0
SPY,wallstreetbets,1614018900,2021-02-22 12:35:00,0,3,0
SPY,wallstreetbets,1614018750,2021-02-22 12:32:00,0,2,1
SPY,wallstreetbets,1614018600,2021-02-22 12:30:00,2,1,1
SPY,wallstreetbets,1614018450,2021-02-22 12:27:00,1,1,0
SPY,wallstreetbets,1614018300,2021-02-22 12:25:00,0,5,0
SPY,wallstreetbets,1614018150,2021-02-22 12:22:00,0,2,0
SPY,wallstreetbets,1614018000,2021-02-22 12:20:00,0,3,0
SPY,wallstreetbets,1614017850,2021-02-22 12:17:00,0,0,0
SPY,wallstreetbets,1614017700,2021-02-22 12:15:00,0,0,0
SPY,wallstreetbets,1614017550,2021-02-22 12:12:00,0,1,0
SPY,wallstreetbets,1614017400,2021-02-22 12:10:00,0,0,1
SPY,wallstreetbets,1614017250,2021-02-22 12:07:00,1,0,0
SPY,wallstreetbets,1614017100,2021-02-22 12:05:00,0,0,0
SPY,wallstreetbets,1614016950,2021-02-22 12:02:00,1,1,3
SPY,wallstreetbets,1614016800,2021-02-22 12:00:00,1,0,1
SPY,wallstreetbets,1614016650,2021-02-22 11:57:00,0,1,0
SPY,wallstreetbets,1614016500,2021-02-22 11:55:00,0,1,0
SPY,wallstreetbets,1614016350,2021-02-22 11:52:00,0,0,0
SPY,wallstreetbets,1614016200,2021-02-22 11:50:00,0,2,0
SPY,wallstreetbets,1614016050,2021-02-22 11:47:00,1,0,0
SPY,wallstreetbets,1614015900,2021-02-22 11:45:00,0,1,1
SPY,wallstreetbets,1614015750,2021-02-22 11:42:00,1,0,0
SPY,wallstreetbets,1614015600,2021-02-22 11:40:00,0,3,1
SPY,wallstreetbets,1614015450,2021-02-22 11:37:00,0,1,0
SPY,wallstreetbets,1614015300,2021-02-22 11:35:00,0,1,0
SPY,wallstreetbets,1614015150,2021-02-22 11:32:00,0,2,0
SPY,wallstreetbets,1614015000,2021-02-22 11:30:00,0,2,0
SPY,wallstreetbets,1614014850,2021-02-22 11:27:00,0,0,0
SPY,wallstreetbets,1614014700,2021-02-22 11:25:00,0,2,0
SPY,wallstreetbets,1614014550,2021-02-22 11:22:00,0,0,0
SPY,wallstreetbets,1614014400,2021-02-22 11:20:00,1,2,0
SPY,wallstreetbets,1614014250,2021-02-22 11:17:00,1,1,1
SPY,wallstreetbets,1614014100,2021-02-22 11:15:00,0,1,1
SPY,wallstreetbets,1614013950,2021-02-22 11:12:00,1,1,0
SPY,wallstreetbets,1614013800,2021-02-22 11:10:00,1,5,1
SPY,wallstreetbets,1614013650,2021-02-22 11:07:00,0,0,0
SPY,wallstreetbets,1614013500,2021-02-22 11:05:00,0,0,0
SPY,wallstreetbets,1614013350,2021-02-22 11:02:00,0,1,0
SPY,wallstreetbets,1614013200,2021-02-22 11:00:00,2,1,0
SPY,wallstreetbets,1614013050,2021-02-22 10:57:00,2,1,0
SPY,wallstreetbets,1614012900,2021-02-22 10:55:00,0,0,0
SPY,wallstreetbets,1614012750,2021-02-22 10:52:00,0,1,0
SPY,wallstreetbets,1614012600,2021-02-22 10:50:00,0,2,0
SPY,wallstreetbets,1614012450,2021-02-22 10:47:00,0,0,0
SPY,wallstreetbets,1614012300,2021-02-22 10:45:00,0,1,1
SPY,wallstreetbets,1614012150,2021-02-22 10:42:00,0,0,0
SPY,wallstreetbets,1614012000,2021-02-22 10:40:00,0,0,0
SPY,wallstreetbets,1614011850,2021-02-22 10:37:00,1,1,0
SPY,wallstreetbets,1614011700,2021-02-22 10:35:00,1,1,0
SPY,wallstreetbets,1614011550,2021-02-22 10:32:00,0,0,2
SPY,wallstreetbets,1614011400,2021-02-22 10:30:00,0,0,1
SPY,wallstreetbets,1614011250,2021-02-22 10:27:00,0,0,0
SPY,wallstreetbets,1614011100,2021-02-22 10:25:00,3,0,1
SPY,wallstreetbets,1614010950,2021-02-22 10:22:00,1,0,0
SPY,wallstreetbets,1614010800,2021-02-22 10:20:00,1,2,0
SPY,wallstreetbets,1614010650,2021-02-22 10:17:00,0,1,0
SPY,wallstreetbets,1614010500,2021-02-22 10:15:00,1,0,0
SPY,wallstreetbets,1614010350,2021-02-22 10:12:00,0,0,0
SPY,wallstreetbets,1614010200,2021-02-22 10:10:00,1,2,0
SPY,wallstreetbets,1614010050,2021-02-22 10:07:00,1,0,1
SPY,wallstreetbets,1614009900,2021-02-22 10:05:00,0,2,1
SPY,wallstreetbets,1614009750,2021-02-22 10:02:00,0,4,0
SPY,wallstreetbets,1614009600,2021-02-22 10:00:00,0,3,0
SPY,wallstreetbets,1614009450,2021-02-22 09:57:00,0,2,0
SPY,wallstreetbets,1614009300,2021-02-22 09:55:00,1,1,0
SPY,wallstreetbets,1614009150,2021-02-22 09:52:00,0,0,0
SPY,wallstreetbets,1614009000,2021-02-22 09:50:00,1,1,0
SPY,wallstreetbets,1614008850,2021-02-22 09:47:00,0,0,1
SPY,wallstreetbets,1614008700,2021-02-22 09:45:00,0,1,2
SPY,wallstreetbets,1614008550,2021-02-22 09:42:00,0,2,1
SPY,wallstreetbets,1614008400,2021-02-22 09:40:00,1,0,0
SPY,wallstreetbets,1614008250,2021-02-22 09:37:00,0,3,0
SPY,wallstreetbets,1614008100,2021-02-22 09:35:00,1,3,0
SPY,wallstreetbets,1614007950,2021-02-22 09:32:00,0,0,1
TSLA,wallstreetbets,1614024000,2021-02-22 14:00:00,0,2,1
TSLA,wallstreetbets,1614023850,2021-02-22 13:57:00,2,0,0
TSLA,wallstreetbets,1614023700,2021-02-22 13:55:00,0,1,0
TSLA,wallstreetbets,1614023550,2021-02-22 13:52:00,1,4,0
TSLA,wallstreetbets,1614023400,2021-02-22 13:50:00,1,0,0
TSLA,wallstreetbets,1614023250,2021-02-22 13:47:00,1,2,1
TSLA,wallstreetbets,1614023100,2021-02-22 13:45:00,0,2,0
TSLA,wallstreetbets,1614022950,2021-02-22 13:42:00,0,5,0
TSLA,wallstreetbets,1614022800,2021-02-22 13:40:00,0,2,3
TSLA,wallstreetbets,1614022650,2021-02-22 13:37:00,0,1,0
TSLA,wallstreetbets,1614022500,2021-02-22 13:35:00,0,4,0
TSLA,wallstreetbets,1614022350,2021-02-22 13:32:00,0,2,0
TSLA,wallstreetbets,1614022200,2021-02-22 13:30:00,1,3,1
TSLA,wallstreetbets,1614022050,2021-02-22 13:27:00,2,1,1
TSLA,wallstreetbets,1614021900,2021-02-22 13:25:00,1,0,0
TSLA,wallstreetbets,1614021750,2021-02-22 13:22:00,1,0,0
TSLA,wallstreetbets,1614021600,2021-02-22 13:20:00,0,3,1
TSLA,wallstreetbets,1614021450,2021-02-22 13:17:00,3,1,1
TSLA,wallstreetbets,1614021300,2021-02-22 13:15:00,1,0,0
TSLA,wallstreetbets,1614021150,2021-02-22 13:12:00,2,0,1
TSLA,wallstreetbets,1614021000,2021-02-22 13:10:00,0,1,0
TSLA,wallstreetbets,1614020850,2021-02-22 13:07:00,0,2,0
TSLA,wallstreetbets,1614020700,2021-02-22 13:05:00,0,1,0
TSLA,wallstreetbets,1614020550,2021-02-22 13:02:00,0,1,0
TSLA,wallstreetbets,1614020400,2021-02-22 13:00:00,0,1,1
TSLA,wallstreetbets,1614020250,2021-02-22 12:57:00,1,1,2
TSLA,wallstreetbets,1614020100,2021-02-22 12:55:00,1,1,0
TSLA,wallstreetbets,1614019950,2021-02-22 12:52:00,0,1,0
TSLA,wallstreetbets,1614019800,2021-02-22 12:50:00,2,0,0
TSLA,wallstreetbets,1614019650,2021-02-22 12:47:00,0,1,0
TSLA,wallstreetbets,1614019500,2021-02-22 12:45:00,0,1,0
TSLA,wallstreetbets,1614019350,2021-02-22 12:42:00,0,3,0
TSLA,wallstreetbets,1614019200,2021-02-22 12:40:00,0,2,3
TSLA,wallstreetbets,1614019050,2021-02-22 12:37:00,1,1,0
TSLA,wallstreetbets,1614018900,2021-02-22 12:35:00,0,1,1
TSLA,wallstreetbets,1614018750,2021-02-22 12:32:00,0,2,1
TSLA,wallstreetbets,1614018600,2021-02-22 12:30:00,0,1,0
TSLA,wallstreetbets,1614018450,2021-02-22 12:27:00,0,2,0
TSLA,wallstreetbets,1614018300,2021-02-22 12:25:00,0,1,0
TSLA,wallstreetbets,1614018150,2021-02-22 12:22:00,0,1,0
TSLA,wallstreetbets,1614018000,2021-02-22 12:20:00,1,1,0
TSLA,wallstreetbets,1614017850,2021-02-22 12:17:00,0,2,0
TSLA,wallstreetbets,1614017700,2021-02-22 12:15:00,1,1,1
TSLA,wallstreetbets,1614017550,2021-02-22 12:12:00,0,1,0
TSLA,wallstreetbets,1614017400,2021-02-22 12:10:00,0,1,0
TSLA,wallstreetbets,1614017250,2021-02-22 12:07:00,1,1,1
TSLA,wallstreetbets,1614017100,2021-02-22 12:05:00,0,3,1
TSLA,wallstreetbets,1614016950,2021-02-22 12:02:00,2,1,0
TSLA,wallstreetbets,1614016800,2021-02-22 12:00:00,1,1,0
TSLA,wallstreetbets,1614016650,2021-02-22 11:57:00,2,1,0
TSLA,wallstreetbets,1614016500,2021-02-22 11:55:00,0,2,0
TSLA,wallstreetbets,1614016350,2021-02-22 11:52:00,0,0,1
TSLA,wallstreetbets,1614016200,2021-02-22 11:50:00,1,1,0
TSLA,wallstreetbets,1614016050,2021-02-22 11:47:00,1,1,0
TSLA,wallstreetbets,1614015900,2021-02-22 11:45:00,0,0,0
TSLA,wallstreetbets,1614015750,2021-02-22 11:42:00,1,0,1
TSLA,wallstreetbets,1614015600,2021-02-22 11:40:00,1,2,0
TSLA,wallstreetbets,1614015450,2021-02-22 11:37:00,1,0,1
TSLA,wallstreetbets,1614015300,2021-02-22 11:35:00,0,0,0
TSLA,wallstreetbets,1614015150,2021-02-22 11:32:00,1,2,1
TSLA,wallstreetbets,1614015000,2021-02-22 11:30:00,0,1,0
TSLA,wallstreetbets,1614014850,2021-02-22 11:27:00,2,0,1
TSLA,wallstreetbets,1614014700,2021-02-22 11:25:00,1,1,0
TSLA,wallstreetbets,1614014550,2021-02-22 11:22:00,0,1,0
TSLA,wallstreetbets,1614014400,2021-02-22 11:20:00,1,1,0
TSLA,wallstreetbets,1614014250,2021-02-22 11:17:00,0,1,0
TSLA,wallstreetbets,1614014100,2021-02-22 11:15:00,0,1,0
TSLA,wallstreetbets,1614013950,2021-02-22 11:12:00,0,1,1
TSLA,wallstreetbets,1614013800,2021-02-22 11:10:00,0,1,1
TSLA,wallstreetbets,1614013650,2021-02-22 11:07:00,2,1,0
TSLA,wallstreetbets,1614013500,2021-02-22 11:05:00,1,0,0
TSLA,wallstreetbets,1614013350,2021-02-22 11:02:00,0,1,1
TSLA,wallstreetbets,1614013200,2021-02-22 11:00:00,0,3,0
TSLA,wallstreetbets,1614013050,2021-02-22 10:57:00,0,0,0
TSLA,wallstreetbets,1614012900,2021-02-22 10:55:00,0,0,0
TSLA,wallstreetbets,1614012750,2021-02-22 10:52:00,0,2,0
TSLA,wallstreetbets,1614012600,2021-02-22 10:50:00,0,1,0
TSLA,wallstreetbets,1614012450,2021-02-22 10:47:00,0,1,0
TSLA,wallstreetbets,1614012300,2021-02-22 10:45:00,1,1,1
TSLA,wallstreetbets,1614012150,2021-02-22 10:42:00,1,0,0
TSLA,wallstreetbets,1614012000,2021-02-22 10:40:00,0,0,0
TSLA,wallstreetbets,1614011850,2021-02-22 10:37:00,0,2,0
TSLA,wallstreetbets,1614011700,2021-02-22 10:35:00,0,0,2
TSLA,wallstreetbets,1614011550,2021-02-22 10:32:00,0,1,0
TSLA,wallstreetbets,1614011400,2021-02-22 10:30:00,0,1,0
TSLA,wallstreetbets,1614011250,2021-02-22 10:27:00,1,1,1
TSLA,wallstreetbets,1614011100,2021-02-22 10:25:00,1,1,0
TSLA,wallstreetbets,1614010950,2021-02-22 10:22:00,1,2,0
TSLA,wallstreetbets,1614010800,2021-02-22 10:20:00,3,1,0
TSLA,wallstreetbets,1614010650,2021-02-22 10:17:00,0,2,0
TSLA,wallstreetbets,1614010500,2021-02-22 10:15:00,2,1,0
TSLA,wallstreetbets,1614010350,2021-02-22 10:12:00,1,1,2
TSLA,wallstreetbets,1614010200,2021-02-22 10:10:00,0,3,0
TSLA,wallstreetbets,1614010050,2021-02-22 10:07:00,1,1,0
TSLA,wallstreetbets,1614009900,2021-02-22 10:05:00,1,1,1
TSLA,wallstreetbets,1614009750,2021-02-22 10:02:00,1,3,0
TSLA,wallstreetbets,1614009600,2021-02-22 10:00:00,1,3,2
TSLA,wallstreetbets,1614009450,2021-02-22 09:57:00,1,3,4
TSLA,wallstreetbets,1614009300,2021-02-22 09:55:00,4,8,0
TSLA,wallstreetbets,1614009150,2021-02-22 09:52:00,0,4,1
TSLA,wallstreetbets,1614009000,2021-02-22 09:50:00,0,2,1
TSLA,wallstreetbets,1614008850,2021-02-22 09:47:00,1,3,1
TSLA,wallstreetbets,1614008700,2021-02-22 09:45:00,0,9,2
TSLA,wallstreetbets,1614008550,2021-02-22 09:42:00,1,6,1
TSLA,wallstreetbets,1614008400,2021-02-22 09:40:00,4,7,0
TSLA,wallstreetbets,1614008250,2021-02-22 09:37:00,0,9,1
TSLA,wallstreetbets,1614008100,2021-02-22 09:35:00,1,3,1
TSLA,wallstreetbets,1614007950,2021-02-22 09:32:00,0,1,1
AAPL,wallstreetbets,1614024000,2021-02-22 14:00:00,0,0,0
AAPL,wallstreetbets,1614023850,2021-02-22 13:57:00,0,1,0
AAPL,wallstreetbets,1614023700,2021-02-22 13:55:00,0,1,0
AAPL,wallstreetbets,1614023550,2021-02-22 13:52:00,0,2,1
AAPL,wallstreetbets,1614023400,2021-02-22 13:50:00,0,0,0
AAPL,wallstreetbets,1614023250,2021-02-22 13:47:00,0,1,1
AAPL,wallstreetbets,1614023100,2021-02-22 13:45:00,0,0,1
AAPL,wallstreetbets,1614022950,2021-02-22 13:42:00,0,0,1
AAPL,wallstreetbets,1614022800,2021-02-22 13:40:00,0,0,0
AAPL,wallstreetbets,1614022650,2021-02-22 13:37:00,0,0,0
AAPL,wallstreetbets,1614022500,2021-02-22 13:35:00,0,1,0
AAPL,wallstreetbets,1614022350,2021-02-22 13:32:00,0,1,0
AAPL,wallstreetbets,1614022200,2021-02-22 13:30:00,0,0,0
AAPL,wallstreetbets,1614022050,2021-02-22 13:27:00,0,0,0
AAPL,wallstreetbets,1614021900,2021-02-22 13:25:00,0,0,0
AAPL,wallstreetbets,1614021750,2021-02-22 13:22:00,0,1,0
AAPL,wallstreetbets,1614021600,2021-02-22 13:20:00,1,0,0
AAPL,wallstreetbets,1614021450,2021-02-22 13:17:00,2,0,0
AAPL,wallstreetbets,1614021300,2021-02-22 13:15:00,0,0,0
AAPL,wallstreetbets,1614021150,2021-02-22 13:12:00,0,1,1
AAPL,wallstreetbets,1614021000,2021-02-22 13:10:00,0,1,0
AAPL,wallstreetbets,1614020850,2021-02-22 13:07:00,1,0,0
AAPL,wallstreetbets,1614020700,2021-02-22 13:05:00,0,0,0
AAPL,wallstreetbets,1614020550,2021-02-22 13:02:00,0,0,0
AAPL,wallstreetbets,1614020400,2021-02-22 13:00:00,0,1,0
AAPL,wallstreetbets,1614020250,2021-02-22 12:57:00,0,1,0
AAPL,wallstreetbets,1614020100,2021-02-22 12:55:00,0,0,1
AAPL,wallstreetbets,1614019950,2021-02-22 12:52:00,0,0,0
AAPL,wallstreetbets,1614019800,2021-02-22 12:50:00,0,0,0
AAPL,wallstreetbets,1614019650,2021-02-22 12:47:00,0,0,0
AAPL,wallstreetbets,1614019500,2021-02-22 12:45:00,0,0,0
AAPL,wallstreetbets,1614019350,2021-02-22 12:42:00,0,1,0
AAPL,wallstreetbets,1614019200,2021-02-22 12:40:00,0,0,1
AAPL,wallstreetbets,1614019050,2021-02-22 12:37:00,0,2,1
AAPL,wallstreetbets,1614018900,2021-02-22 12:35:00,0,0,0
AAPL,wallstreetbets,1614018750,2021-02-22 12:32:00,0,0,0
AAPL,wallstreetbets,1614018600,2021-02-22 12:30:00,0,1,0
AAPL,wallstreetbets,1614018450,2021-02-22 12:27:00,0,1,1
AAPL,wallstreetbets,1614018300,2021-02-22 12:25:00,0,0,0
AAPL,wallstreetbets,1614018150,2021-02-22 12:22:00,0,1,1
AAPL,wallstreetbets,1614018000,2021-02-22 12:20:00,1,1,0
AAPL,wallstreetbets,1614017850,2021-02-22 12:17:00,0,0,0
AAPL,wallstreetbets,1614017700,2021-02-22 12:15:00,1,1,0
AAPL,wallstreetbets,1614017550,2021-02-22 12:12:00,0,0,0
AAPL,wallstreetbets,1614017400,2021-02-22 12:10:00,0,1,0
AAPL,wallstreetbets,1614017250,2021-02-22 12:07:00,1,0,0
AAPL,wallstreetbets,1614017100,2021-02-22 12:05:00,1,0,0
AAPL,wallstreetbets,1614016950,2021-02-22 12:02:00,0,0,0
AAPL,wallstreetbets,1614016800,2021-02-22 12:00:00,0,1,0
AAPL,wallstreetbets,1614016650,2021-02-22 11:57:00,1,1,0
AAPL,wallstreetbets,1614016500,2021-02-22 11:55:00,0,0,0
AAPL,wallstreetbets,1614016350,2021-02-22 11:52:00,0,0,0
AAPL,wallstreetbets,1614016200,2021-02-22 11:50:00,0,0,1
AAPL,wallstreetbets,1614016050,2021-02-22 11:47:00,0,2,1
AAPL,wallstreetbets,1614015900,2021-02-22 11:45:00,0,0,0
AAPL,wallstreetbets,1614015750,2021-02-22 11:42:00,1,0,0
AAPL,wallstreetbets,1614015600,2021-02-22 11:40:00,1,1,0
AAPL,wallstreetbets,1614015450,2021-02-22 11:37:00,0,0,0
AAPL,wallstreetbets,1614015300,2021-02-22 11:35:00,0,1,0
AAPL,wallstreetbets,1614015150,2021-02-22 11:32:00,0,0,0
AAPL,wallstreetbets,1614015000,2021-02-22 11:30:00,0,0,1
AAPL,wallstreetbets,1614014850,2021-02-22 11:27:00,0,2,0
AAPL,wallstreetbets,1614014700,2021-02-22 11:25:00,1,0,0
AAPL,wallstreetbets,1614014550,2021-02-22 11:22:00,0,0,0
AAPL,wallstreetbets,1614014400,2021-02-22 11:20:00,1,0,0
AAPL,wallstreetbets,1614014250,2021-02-22 11:17:00,0,1,0
AAPL,wallstreetbets,1614014100,2021-02-22 11:15:00,0,0,0
AAPL,wallstreetbets,1614013950,2021-02-22 11:12:00,0,0,0
AAPL,wallstreetbets,1614013800,2021-02-22 11:10:00,1,1,0
AAPL,wallstreetbets,1614013650,2021-02-22 11:07:00,0,0,0
AAPL,wallstreetbets,1614013500,2021-02-22 11:05:00,0,1,1
AAPL,wallstreetbets,1614013350,2021-02-22 11:02:00,0,1,0
AAPL,wallstreetbets,1614013200,2021-02-22 11:00:00,0,0,0
AAPL,wallstreetbets,1614013050,2021-02-22 10:57:00,0,0,0
AAPL,wallstreetbets,1614012900,2021-02-22 10:55:00,0,0,0
AAPL,wallstreetbets,1614012750,2021-02-22 10:52:00,1,2,0
AAPL,wallstreetbets,1614012600,2021-02-22 10:50:00,0,1,1
AAPL,wallstreetbets,1614012450,2021-02-22 10:47:00,0,0,0
AAPL,wallstreetbets,1614012300,2021-02-22 10:45:00,1,0,0
AAPL,wallstreetbets,1614012150,2021-02-22 10:42:00,0,0,0
AAPL,wallstreetbets,1614012000,2021-02-22 10:40:00,0,3,0
AAPL,wallstreetbets,1614011850,2021-02-22 10:37:00,0,1,0
AAPL,wallstreetbets,1614011700,2021-02-22 10:35:00,0,0,0
AAPL,wallstreetbets,1614011550,2021-02-22 10:32:00,0,0,2
AAPL,wallstreetbets,1614011400,2021-02-22 10:30:00,1,0,0
AAPL,wallstreetbets,1614011250,2021-02-22 10:27:00,1,2,2
AAPL,wallstreetbets,1614011100,2021-02-22 10:25:00,1,1,0
AAPL,wallstreetbets,1614010950,2021-02-22 10:22:00,0,1,0
AAPL,wallstreetbets,1614010800,2021-02-22 10:20:00,0,2,0
AAPL,wallstreetbets,1614010650,2021-02-22 10:17:00,1,2,0
AAPL,wallstreetbets,1614010500,2021-02-22 10:15:00,2,2,0
AAPL,wallstreetbets,1614010350,2021-02-22 10:12:00,0,3,0
AAPL,wallstreetbets,1614010200,2021-02-22 10:10:00,1,3,0
AAPL,wallstreetbets,1614010050,2021-02-22 10:07:00,0,0,0
AAPL,wallstreetbets,1614009900,2021-02-22 10:05:00,3,2,1
AAPL,wallstreetbets,1614009750,2021-02-22 10:02:00,1,5,0
AAPL,wallstreetbets,1614009600,2021-02-22 10:00:00,1,2,0
AAPL,wallstreetbets,1614009450,2021-02-22 09:57:00,0,3,3
AAPL,wallstreetbets,1614009300,2021-02-22 09:55:00,1,1,0
AAPL,wallstreetbets,1614009150,2021-02-22 09:52:00,0,2,0
AAPL,wallstreetbets,1614009000,2021-02-22 09:50:00,1,3,0
AAPL,wallstreetbets,1614008850,2021-02-22 09:47:00,0,3,2
AAPL,wallstreetbets,1614008700,2021-02-22 09:45:00,0,2,1
AAPL,wallstreetbets,1614008550,2021-02-22 09:42:00,0,6,0
AAPL,wallstreetbets,1614008400,2021-02-22 09:40:00,0,6,4
AAPL,wallstreetbets,1614008250,2021-02-22 09:37:00,2,6,1
AAPL,wallstreetbets,1614008100,2021-02-22 09:35:00,0,4,1
AAPL,wallstreetbets,1614007950,2021-02-22 09:32:00,0,5,1
GME,stocks,1614024000,2021-02-22 14:00:00,0,0,0
GME,stocks,1614023850,2021-02-22 13:57:00,0,2,0
GME,stocks,1614023700,2021-02-22 13:55:00,0,0,0
GME,stocks,1614023550,2021-02-22 13:52:00,0,0,0
GME,stocks,1614023400,2021-02-22 13:50:00,0,0,0
GME,stocks,1614023250,2021-02-22 13:47:00,0,0,1
GME,stocks,1614023100,2021-02-22 13:45:00,0,0,0
GME,stocks,1614022950,2021-02-22 13:42:00,0,0,0
GME,stocks,1614022800,2021-02-22 13:40:00,0,0,0
GME,stocks,1614022650,2021-02-22 13:37:00,1,0,0
GME,stocks,1614022500,2021-02-22 13:35:00,0,0,0
GME,stocks,1614022350,2021-02-22 13:32:00,0,0,0
GME,stocks,1614022200,2021-02-22 13:30:00,0,0,0
GME,stocks,1614022050,2021-02-22 13:27:00,2,0,0
GME,stocks,1614021900,2021-02-22 13:25:00,0,0,0
GME,stocks,1614021750,2021-02-22 13:22:00,1,0,0
GME,stocks,1614021600,2021-02-22 13:20:00,0,0,0
GME,stocks,1614021450,2021-02-22 13:17:00,1,0,0
GME,stocks,1614021300,2021-02-22 13:15:00,0,0,0
GME,stocks,1614021150,2021-02-22 13:12:00,0,0,0
GME,stocks,1614021000,2021-02-22 13:10:00,0,0,0
GME,stocks,1614020850,2021-02-22 13:07:00,0,0,0
GME,stocks,1614020700,2021-02-22 13:05:00,0,0,0
GME,stocks,1614020550,2021-02-22 13:02:00,0,0,0
GME,stocks,1614020400,2021-02-22 13:00:00,0,0,0
GME,stocks,1614020250,2021-02-22 12:57:00,0,0,0
GME,stocks,1614020100,2021-02-22 12:55:00,0,0,0
GME,stocks,1614019950,2021-02-22 12:52:00,0,0,0
GME,stocks,1614019800,2021-02-22 12:50:00,0,0,0
GME,stocks,1614019650,2021-02-22 12:47:00,0,0,0
GME,stocks,1614019500,2021-02-22 12:45:00,0,0,0
GME,stocks,1614019350,2021-02-22 12:42:00,0,0,0
GME,stocks,1614019200,2021-02-22 12:40:00,0,0,0
GME,stocks,1614019050,2021-02-22 12:37:00,0,0,0
GME,stocks,1614018900,2021-02-22 12:35:00,0,0,1
GME,stocks,1614018750,2021-02-22 12:32:00,0,0,0
GME,stocks,1614018600,2021-02-22 12:30:00,0,0,0
GME,stocks,1614018450,2021-02-22 12:27:00,0,0,0
GME,stocks,1614018300,2021-02-22 12:25:00,0,0,0
GME,stocks,1614018150,2021-02-22 12:22:00,0,0,0
GME,stocks,1614018000,2021-02-22 12:20:00,0,0,0
GME,stocks,1614017850,2021-02-22 12:17:00,0,0,0
GME,stocks,1614017700,2021-02-22 12:15:00,0,0,0
GME,stocks,1614017550,2021-02-22 12:12:00,0,0,0
GME,stocks,1614017400,2021-02-22 12:10:00,0,0,0
GME,stocks,1614017250,2021-02-22 12:07:00,0,1,0
GME,stocks,1614017100,2021-02-22 12:05:00,0,0,0
GME,stocks,1614016950,2021-02-22 12:02:00,0,1,0
GME,stocks,1614016800,2021-02-22 12:00:00,0,0,0
GME,stocks,1614016650,2021-02-22 11:57:00,1,0,0
GME,stocks,1614016500,2021-02-22 11:55:00,0,0,0
GME,stocks,1614016350,2021-02-22 11:52:00,0,0,0
GME,stocks,1614016200,2021-02-22 11:50:00,0,0,0
GME,stocks,1614016050,2021-02-22 11:47:00,0,0,0
GME,stocks,1614015900,2021-02-22 11:45:00,0,1,0
GME,stocks,1614015750,2021-02-22 11:42:00,0,0,0
GME,stocks,1614015600,2021-02-22 11:40:00,0,0,0
GME,stocks,1614015450,2021-02-22 11:37:00,0,0,0
GME,stocks,1614015300,2021-02-22 11:35:00,0,0,0
GME,stocks,1614015150,2021-02-22 11:32:00,0,0,0
GME,stocks,1614015000,2021-02-22 11:30:00,1,0,1
GME,stocks,1614014850,2021-02-22 11:27:00,1,0,0
GME,stocks,1614014700,2021-02-22 11:25:00,0,0,0
GME,stocks,1614014550,2021-02-22 11:22:00,0,0,0
GME,stocks,1614014400,2021-02-22 11:20:00,0,0,0
GME,stocks,1614014250,2021-02-22 11:17:00,0,0,0
GME,stocks,1614014100,2021-02-22 11:15:00,0,0,0
GME,stocks,1614013950,2021-02-22 11:12:00,0,0,0
GME,stocks,1614013800,2021-02-22 11:10:00,0,0,0
GME,stocks,1614013650,2021-02-22 11:07:00,0,0,0
GME,stocks,1614013500,2021-02-22 11:05:00,1,0,0
GME,stocks,1614013350,2021-02-22 11:02:00,0,0,0
GME,stocks,1614013200,2021-02-22 11:00:00,0,0,0
GME,stocks,1614013050,2021-02-22 10:57:00,0,0,0
GME,stocks,1614012900,2021-02-22 10:55:00,0,0,0
GME,stocks,1614012750,2021-02-22 10:52:00,0,0,0
GME,stocks,1614012600,2021-02-22 10:50:00,0,0,1
GME,stocks,1614012450,2021-02-22 10:47:00,0,0,0
GME,stocks,1614012300,2021-02-22 10:45:00,0,0,0
GME,stocks,1614012150,2021-02-22 10:42:00,0,0,0
GME,stocks,1614012000,2021-02-22 10:40:00,0,0,0
GME,stocks,1614011850,2021-02-22 10:37:00,0,0,0
GME,stocks,1614011700,2021-02-22 10:35:00,0,0,0
GME,stocks,1614011550,2021-02-22 10:32:00,1,0,0
GME,stocks,1614011400,2021-02-22 10:30:00,0,0,0
GME,stocks,1614011250,2021-02-22 10:27:00,1,0,0
GME,stocks,1614011100,2021-02-22 10:25:00,0,0,0
GME,stocks,1614010950,2021-02-22 10:22:00,0,0,0
GME,stocks,1614010800,2021-02-22 10:20:00,0,0,0
GME,stocks,1614010650,2021-02-22 10:17:00,0,0,0
GME,stocks,1614010500,2021-02-22 10:15:00,1,0,0
GME,stocks,1614010350,2021-02-22 10:12:00,0,0,0
GME,stocks,1614010200,2021-02-22 10:10:00,0,0,0
GME,stocks,1614010050,2021-02-22 10:07:00,0,0,0
GME,stocks,1614009900,2021-02-22 10:05:00,1,0,0
GME,stocks,1614009750,2021-02-22 10:02:00,0,0,0
GME,stocks,1614009600,2021-02-22 10:00:00,0,0,0
GME,stocks,1614009450,2021-02-22 09:57:00,0,0,0
GME,stocks,1614009300,2021-02-22 09:55:00,0,0,0
GME,stocks,1614009150,2021-02-22 09:52:00,0,0,0
GME,stocks,1614009000,2021-02-22 09:50:00,0,0,0
GME,stocks,1614008850,2021-02-22 09:47:00,0,0,0
GME,stocks,1614008700,2021-02-22 09:45:00,0,0,0
GME,stocks,1614008550,2021-02-22 09:42:00,0,0,0
GME,stocks,1614008400,2021-02-22 09:40:00,0,0,0
GME,stocks,1614008250,2021-02-22 09:37:00,0,0,0
GME,stocks,1614008100,2021-02-22 09:35:00,0,0,0
GME,stocks,1614007950,2021-02-22 09:32:00,0,0,0
SPY,stocks,1614024000,2021-02-22 14:00:00,0,0,0
SPY,stocks,1614023850,2021-02-22 13:57:00,0,0,0
SPY,stocks,1614023700,2021-02-22 13:55:00,0,1,0
SPY,stocks,1614023550,2021-02-22 13:52:00,1,0,0
SPY,stocks,1614023400,2021-02-22 13:50:00,0,0,0
SPY,stocks,1614023250,2021-02-22 13:47:00,0,0,0
SPY,stocks,1614023100,2021-02-22 13:45:00,0,0,1
SPY,stocks,1614022950,2021-02-22 13:42:00,2,0,0
SPY,stocks,1614022800,2021-02-22 13:40:00,0,0,0
SPY,stocks,1614022650,2021-02-22 13:37:00,0,0,0
SPY,stocks,1614022500,2021-02-22 13:35:00,0,0,0
SPY,stocks,1614022350,2021-02-22 13:32:00,0,0,0
SPY,stocks,1614022200,2021-02-22 13:30:00,0,0,0
SPY,stocks,1614022050,2021-02-22 13:27:00,0,0,0
SPY,stocks,1614021900,2021-02-22 13:25:00,0,0,0
SPY,stocks,1614021750,2021-02-22 13:22:00,0,0,0
SPY,stocks,1614021600,2021-02-22 13:20:00,1,0,0
SPY,stocks,1614021450,2021-02-22 13:17:00,1,0,0
SPY,stocks,1614021300,2021-02-22 13:15:00,0,0,0
SPY,stocks,1614021150,2021-02-22 13:12:00,0,0,0
SPY,stocks,1614021000,2021-02-22 13:10:00,1,0,0
SPY,stocks,1614020850,2021-02-22 13:07:00,0,0,0
SPY,stocks,1614020700,2021-02-22 13:05:00,0,0,0
SPY,stocks,1614020550,2021-02-22 13:02:00,0,0,0
SPY,stocks,1614020400,2021-02-22 13:00:00,1,0,0
SPY,stocks,1614020250,2021-02-22 12:57:00,0,0,0
SPY,stocks,1614020100,2021-02-22 12:55:00,0,0,0
SPY,stocks,1614019950,2021-02-22 12:52:00,1,0,0
SPY,stocks,1614019800,2021-02-22 12:50:00,1,0,0
SPY,stocks,1614019650,2021-02-22 12:47:00,1,0,0
SPY,stocks,1614019500,2021-02-22 12:45:00,1,0,0
SPY,stocks,1614019350,2021-02-22 12:42:00,0,0,0
SPY,stocks,1614019200,2021-02-22 12:40:00,1,0,0
SPY,stocks,1614019050,2021-02-22 12:37:00,0,0,0
SPY,stocks,1614018900,2021-02-22 12:35:00,0,0,0
SPY,stocks,1614018750,2021-02-22 12:32:00,0,0,0
SPY,stocks,1614018600,2021-02-22 12:30:00,0,0,0
SPY,stocks,1614018450,2021-02-22 12:27:00,0,0,0
SPY,stocks,1614018300,2021-02-22 12:25:00,0,0,0
SPY,stocks,1614018150,2021-02-22 12:22:00,0,0,0
SPY,stocks,1614018000,2021-02-22 12:20:00,1,0,0
SPY,stocks,1614017850,2021-02-22 12:17:00,0,0,0
SPY,stocks,1614017700,2021-02-22 12:15:00,0,0,0
SPY,stocks,1614017550,2021-02-22 12:12:00,0,0,0
SPY,stocks,1614017400,2021-02-22 12:10:00,0,0,0
SPY,stocks,1614017250,2021-02-22 12:07:00,0,0,0
SPY,stocks,1614017100,2021-02-22 12:05:00,0,0,0
SPY,stocks,1614016950,2021-02-22 12:02:00,0,0,0
SPY,stocks,1614016800,2021-02-22 12:00:00,0,0,0
SPY,stocks,1614016650,2021-02-22 11:57:00,0,0,0
SPY,stocks,1614016500,2021-02-22 11:55:00,1,0,0
SPY,stocks,1614016350,2021-02-22 11:52:00,0,0,0
SPY,stocks,1614016200,2021-02-22 11:50:00,0,0,0
SPY,stocks,1614016050,2021-02-22 11:47:00,1,0,0
SPY,stocks,1614015900,2021-02-22 11:45:00,1,0,0
SPY,stocks,1614015750,2021-02-22 11:42:00,0,0,0
SPY,stocks,1614015600,2021-02-22 11:40:00,0,0,0
SPY,stocks,1614015450,2021-02-22 11:37:00,1,0,0
SPY,stocks,1614015300,2021-02-22 11:35:00,0,0,0
SPY,stocks,1614015150,2021-02-22 11:32:00,1,0,0
SPY,stocks,1614015000,2021-02-22 11:30:00,0,0,0
SPY,stocks,1614014850,2021-02-22 11:27:00,1,0,0
SPY,stocks,1614014700,2021-02-22 11:25:00,1,0,0
SPY,stocks,1614014550,2021-02-22 11:22:00,0,0,0
SPY,stocks,1614014400,2021-02-22 11:20:00,0,0,0
SPY,stocks,1614014250,2021-02-22 11:17:00,0,0,0
SPY,stocks,1614014100,2021-02-22 11:15:00,0,0,0
SPY,stocks,1614013950,2021-02-22 11:12:00,0,0,0
SPY,stocks,1614013800,2021-02-22 11:10:00,0,0,0
SPY,stocks,1614013650,2021-02-22 11:07:00,0,0,0
SPY,stocks,1614013500,2021-02-22 11:05:00,0,0,0
SPY,stocks,1614013350,2021-02-22 11:02:00,0,0,0
SPY,stocks,1614013200,2021-02-22 11:00:00,0,0,0
SPY,stocks,1614013050,2021-02-22 10:57:00,0,0,0
SPY,stocks,1614012900,2021-02-22 10:55:00,0,0,0
SPY,stocks,1614012750,2021-02-22 10:52:00,0,0,0
SPY,stocks,1614012600,2021-02-22 10:50:00,0,0,0
SPY,stocks,1614012450,2021-02-22 10:47:00,0,0,0
SPY,stocks,1614012300,2021-02-22 10:45:00,1,0,0
SPY,stocks,1614012150,2021-02-22 10:42:00,0,0,0
SPY,stocks,1614012000,2021-02-22 10:40:00,0,0,0
SPY,stocks,1614011850,2021-02-22 10:37:00,0,0,0
SPY,stocks,1614011700,2021-02-22 10:35:00,1,0,0
SPY,stocks,1614011550,2021-02-22 10:32:00,0,0,0
SPY,stocks,1614011400,2021-02-22 10:30:00,0,0,0
SPY,stocks,1614011250,2021-02-22 10:27:00,0,0,0
SPY,stocks,1614011100,2021-02-22 10:25:00,0,0,0
SPY,stocks,1614010950,2021-02-22 10:22:00,0,0,0
SPY,stocks,1614010800,2021-02-22 10:20:00,0,0,0
SPY,stocks,1614010650,2021-02-22 10:17:00,0,0,0
SPY,stocks,1614010500,2021-02-22 10:15:00,0,0,0
SPY,stocks,1614010350,2021-02-22 10:12:00,0,0,0
SPY,stocks,1614010200,2021-02-22 10:10:00,0,1,0
SPY,stocks,1614010050,2021-02-22 10:07:00,0,0,0
SPY,stocks,1614009900,2021-02-22 10:05:00,0,0,0
SPY,stocks,1614009750,2021-02-22 10:02:00,0,0,0
SPY,stocks,1614009600,2021-02-22 10:00:00,0,0,0
SPY,stocks,1614009450,2021-02-22 09:57:00,0,0,0
SPY,stocks,1614009300,2021-02-22 09:55:00,0,0,0
SPY,stocks,1614009150,2021-02-22 09:52:00,0,0,0
SPY,stocks,1614009000,2021-02-22 09:50:00,0,0,0
SPY,stocks,1614008850,2021-02-22 09:47:00,1,0,0
SPY,stocks,1614008700,2021-02-22 09:45:00,0,1,0
SPY,stocks,1614008550,2021-02-22 09:42:00,1,0,0
SPY,stocks,1614008400,2021-02-22 09:40:00,1,0,0
SPY,stocks,1614008250,2021-02-22 09:37:00,0,0,0
SPY,stocks,1614008100,2021-02-22 09:35:00,0,0,0
SPY,stocks,1614007950,2021-02-22 09:32:00,0,0,0
TSLA,stocks,1614024000,2021-02-22 14:00:00,0,0,0
TSLA,stocks,1614023850,2021-02-22 13:57:00,0,0,0
TSLA,stocks,1614023700,2021-02-22 13:55:00,0,0,0
TSLA,stocks,1614023550,2021-02-22 13:52:00,0,0,0
TSLA,stocks,1614023400,2021-02-22 13:50:00,0,0,0
TSLA,stocks,1614023250,2021-02-22 13:47:00,0,0,0
TSLA,stocks,1614023100,2021-02-22 13:45:00,0,0,0
TSLA,stocks,1614022950,2021-02-22 13:42:00,0,0,0
TSLA,stocks,1614022800,2021-02-22 13:40:00,0,0,0
TSLA,stocks,1614022650,2021-02-22 13:37:00,0,0,0
TSLA,stocks,1614022500,2021-02-22 13:35:00,0,0,0
TSLA,stocks,1614022350,2021-02-22 13:32:00,0,0,0
TSLA,stocks,1614022200,2021-02-22 13:30:00,0,0,0
TSLA,stocks,1614022050,2021-02-22 13:27:00,1,0,0
TSLA,stocks,1614021900,2021-02-22 13:25:00,0,0,0
TSLA,stocks,1614021750,2021-02-22 13:22:00,0,0,0
TSLA,stocks,1614021600,2021-02-22 13:20:00,0,0,0
TSLA,stocks,1614021450,2021-02-22 13:17:00,0,1,0
TSLA,stocks,1614021300,2021-02-22 13:15:00,0,0,0
TSLA,stocks,1614021150,2021-02-22 13:12:00,0,0,0
TSLA,stocks,1614021000,2021-02-22 13:10:00,0,0,0
TSLA,stocks,1614020850,2021-02-22 13:07:00,0,0,0
TSLA,stocks,1614020700,2021-02-22 13:05:00,0,0,0
TSLA,stocks,1614020550,2021-02-22 13:02:00,0,0,0
TSLA,stocks,1614020400,2021-02-22 13:00:00,0,0,0
TSLA,stocks,1614020250,2021-02-22 12:57:00,0,0,0
TSLA,stocks,1614020100,2021-02-22 12:55:00,0,0,0
TSLA,stocks,1614019950,2021-02-22 12:52:00,0,0,0
TSLA,stocks,1614019800,2021-02-22 12:50:00,0,0,0
TSLA,stocks,1614019650,2021-02-22 12:47:00,0,0,0
TSLA,stocks,1614019500,2021-02-22 12:45:00,0,0,0
TSLA,stocks,1614019350,2021-02-22 12:42:00,0,0,0
TSLA,stocks,1614019200,2021-02-22 12:40:00,0,0,0
TSLA,stocks,1614019050,2021-02-22 12:37:00,0,0,0
TSLA,stocks,1614018900,2021-02-22 12:35:00,0,0,0
TSLA,stocks,1614018750,2021-02-22 12:32:00,0,0,0
TSLA,stocks,1614018600,2021-02-22 12:30:00,0,0,0
TSLA,stocks,1614018450,2021-02-22 12:27:00,0,0,0
TSLA,stocks,1614018300,2021-02-22 12:25:00,0,0,0
TSLA,stocks,1614018150,2021-02-22 12:22:00,0,0,0
TSLA,stocks,1614018000,2021-02-22 12:20:00,0,0,0
TSLA,stocks,1614017850,2021-02-22 12:17:00,0,0,0
TSLA,stocks,1614017700,2021-02-22 12:15:00,0,0,0
TSLA,stocks,1614017550,2021-02-22 12:12:00,0,0,0
TSLA,stocks,1614017400,2021-02-22 12:10:00,0,0,0
TSLA,stocks,1614017250,2021-02-22 12:07:00,0,0,0
TSLA,stocks,1614017100,2021-02-22 12:05:00,0,0,0
TSLA,stocks,1614016950,2021-02-22 12:02:00,0,0,0
TSLA,stocks,1614016800,2021-02-22 12:00:00,0,0,0
TSLA,stocks,1614016650,2021-02-22 11:57:00,0,0,0
TSLA,stocks,1614016500,2021-02-22 11:55:00,0,0,0
TSLA,stocks,1614016350,2021-02-22 11:52:00,0,0,0
TSLA,stocks,1614016200,2021-02-22 11:50:00,0,0,0
TSLA,stocks,1614016050,2021-02-22 11:47:00,0,0,0
TSLA,stocks,1614015900,2021-02-22 11:45:00,0,0,0
TSLA,stocks,1614015750,2021-02-22 11:42:00,0,0,0
TSLA,stocks,1614015600,2021-02-22 11:40:00,0,0,0
TSLA,stocks,1614015450,2021-02-22 11:37:00,0,0,0
TSLA,stocks,1614015300,2021-02-22 11:35:00,0,1,0
TSLA,stocks,1614015150,2021-02-22 11:32:00,0,0,0
TSLA,stocks,1614015000,2021-02-22 11:30:00,0,0,0
TSLA,stocks,1614014850,2021-02-22 11:27:00,0,0,0
TSLA,stocks,1614014700,2021-02-22 11:25:00,0,1,0
TSLA,stocks,1614014550,2021-02-22 11:22:00,0,0,0
TSLA,stocks,1614014400,2021-02-22 11:20:00,0,0,0
TSLA,stocks,1614014250,2021-02-22 11:17:00,0,0,0
TSLA,stocks,1614014100,2021-02-22 11:15:00,0,0,0
TSLA,stocks,1614013950,2021-02-22 11:12:00,0,0,0
TSLA,stocks,1614013800,2021-02-22 11:10:00,0,0,0
TSLA,stocks,1614013650,2021-02-22 11:07:00,0,0,0
TSLA,stocks,1614013500,2021-02-22 11:05:00,0,0,0
TSLA,stocks,1614013350,2021-02-22 11:02:00,0,0,0
TSLA,stocks,1614013200,2021-02-22 11:00:00,0,0,0
TSLA,stocks,1614013050,2021-02-22 10:57:00,0,0,0
TSLA,stocks,1614012900,2021-02-22 10:55:00,0,0,0
TSLA,stocks,1614012750,2021-02-22 10:52:00,0,0,0
TSLA,stocks,1614012600,2021-02-22 10:50:00,1,0,0
TSLA,stocks,1614012450,2021-02-22 10:47:00,0,0,0
TSLA,stocks,1614012300,2021-02-22 10:45:00,0,0,0
TSLA,stocks,1614012150,2021-02-22 10:42:00,0,0,0
TSLA,stocks,1614012000,2021-02-22 10:40:00,0,0,0
TSLA,stocks,1614011850,2021-02-22 10:37:00,0,0,0
TSLA,stocks,1614011700,2021-02-22 10:35:00,0,0,0
TSLA,stocks,1614011550,2021-02-22 10:32:00,0,0,0
TSLA,stocks,1614011400,2021-02-22 10:30:00,0,0,0
TSLA,stocks,1614011250,2021-02-22 10:27:00,0,0,0
TSLA,stocks,1614011100,2021-02-22 10:25:00,0,0,0
TSLA,stocks,1614010950,2021-02-22 10:22:00,0,0,0
TSLA,stocks,1614010800,2021-02-22 10:20:00,0,0,0
TSLA,stocks,1614010650,2021-02-22 10:17:00,0,0,0
TSLA,stocks,1614010500,2021-02-22 10:15:00,0,0,0
TSLA,stocks,1614010350,2021-02-22 10:12:00,0,0,0
TSLA,stocks,1614010200,2021-02-22 10:10:00,0,1,0
TSLA,stocks,1614010050,2021-02-22 10:07:00,0,0,0
TSLA,stocks,1614009900,2021-02-22 10:05:00,0,0,0
TSLA,stocks,1614009750,2021-02-22 10:02:00,0,0,0
TSLA,stocks,1614009600,2021-02-22 10:00:00,0,0,0
TSLA,stocks,1614009450,2021-02-22 09:57:00,0,0,0
TSLA,stocks,1614009300,2021-02-22 09:55:00,0,0,0
TSLA,stocks,1614009150,2021-02-22 09:52:00,0,0,0
TSLA,stocks,1614009000,2021-02-22 09:50:00,0,0,0
TSLA,stocks,1614008850,2021-02-22 09:47:00,0,0,0
TSLA,stocks,1614008700,2021-02-22 09:45:00,0,0,0
TSLA,stocks,1614008550,2021-02-22 09:42:00,0,0,0
TSLA,stocks,1614008400,2021-02-22 09:40:00,0,0,0
TSLA,stocks,1614008250,2021-02-22 09:37:00,0,0,0
TSLA,stocks,1614008100,2021-02-22 09:35:00,0,0,0
TSLA,stocks,1614007950,2021-02-22 09:32:00,1,0,0
AAPL,stocks,1614024000,2021-02-22 14:00:00,0,0,0
AAPL,stocks,1614023850,2021-02-22 13:57:00,0,0,0
AAPL,stocks,1614023700,2021-02-22 13:55:00,0,0,0
AAPL,stocks,1614023550,2021-02-22 13:52:00,0,0,0
AAPL,stocks,1614023400,2021-02-22 13:50:00,0,0,0
AAPL,stocks,1614023250,2021-02-22 13:47:00,0,0,0
AAPL,stocks,1614023100,2021-02-22 13:45:00,0,0,0
AAPL,stocks,1614022950,2021-02-22 13:42:00,0,1,0
AAPL,stocks,1614022800,2021-02-22 13:40:00,0,0,0
AAPL,stocks,1614022650,2021-02-22 13:37:00,0,0,0
AAPL,stocks,1614022500,2021-02-22 13:35:00,0,0,0
AAPL,stocks,1614022350,2021-02-22 13:32:00,0,0,0
AAPL,stocks,1614022200,2021-02-22 13:30:00,0,0,0
AAPL,stocks,1614022050,2021-02-22 13:27:00,0,0,0
AAPL,stocks,1614021900,2021-02-22 13:25:00,0,0,0
AAPL,stocks,1614021750,2021-02-22 13:22:00,0,0,0
AAPL,stocks,1614021600,2021-02-22 13:20:00,0,0,0
AAPL,stocks,1614021450,2021-02-22 13:17:00,0,0,0
AAPL,stocks,1614021300,2021-02-22 13:15:00,0,0,0
AAPL,stocks,1614021150,2021-02-22 13:12:00,0,0,0
AAPL,stocks,1614021000,2021-02-22 13:10:00,0,0,0
AAPL,stocks,1614020850,2021-02-22 13:07:00,0,0,0
AAPL,stocks,1614020700,2021-02-22 13:05:00,0,0,0
AAPL,stocks,1614020550,2021-02-22 13:02:00,0,0,0
AAPL,stocks,1614020400,2021-02-22 13:00:00,0,0,0
AAPL,stocks,1614020250,2021-02-22 12:57:00,0,0,0
AAPL,stocks,1614020100,2021-02-22 12:55:00,0,0,0
AAPL,stocks,1614019950,2021-02-22 12:52:00,0,0,0
AAPL,stocks,1614019800,2021-02-22 12:50:00,0,0,0
AAPL,stocks,1614019650,2021-02-22 12:47:00,0,0,1
AAPL,stocks,1614019500,2021-02-22 12:45:00,0,0,0
AAPL,stocks,1614019350,2021-02-22 12:42:00,0,1,0
AAPL,stocks,1614019200,2021-02-22 12:40:00,0,0,0
AAPL,stocks,1614019050,2021-02-22 12:37:00,0,0,0
AAPL,stocks,1614018900,2021-02-22 12:35:00,0,1,0
AAPL,stocks,1614018750,2021-02-22 12:32:00,0,0,0
AAPL,stocks,1614018600,2021-02-22 12:30:00,0,0,0
AAPL,stocks,1614018450,2021-02-22 12:27:00,0,0,0
AAPL,stocks,1614018300,2021-02-22 12:25:00,0,0,0
AAPL,stocks,1614018150,2021-02-22 12:22:00,1,0,0
AAPL,stocks,1614018000,2021-02-22 12:20:00,0,0,1
AAPL,stocks,1614017850,2021-02-22 12:17:00,0,0,0
AAPL,stocks,1614017700,2021-02-22 12:15:00,0,0,0
AAPL,stocks,1614017550,2021-02-22 12:12:00,0,0,0
AAPL,stocks,1614017400,2021-02-22 12:10:00,0,0,0
AAPL,stocks,1614017250,2021-02-22 12:07:00,0,0,0
AAPL,stocks,1614017100,2021-02-22 12:05:00,0,1,0
AAPL,stocks,1614016950,2021-02-22 12:02:00,0,1,0
AAPL,stocks,1614016800,2021-02-22 12:00:00,0,0,0
AAPL,stocks,1614016650,2021-02-22 11:57:00,0,0,0
AAPL,stocks,1614016500,2021-02-22 11:55:00,0,1,0
AAPL,stocks,1614016350,2021-02-22 11:52:00,0,0,0
AAPL,stocks,1614016200,2021-02-22 11:50:00,0,0,0
AAPL,stocks,1614016050,2021-02-22 11:47:00,0,0,0
AAPL,stocks,1614015900,2021-02-22 11:45:00,0,0,0
AAPL,stocks,1614015750,2021-02-22 11:42:00,0,0,0
AAPL,stocks,1614015600,2021-02-22 11:40:00,0,0,0
AAPL,stocks,1614015450,2021-02-22 11:37:00,0,0,0
AAPL,stocks,1614015300,2021-02-22 11:35:00,1,0,0
AAPL,stocks,1614015150,2021-02-22 11:32:00,1,0,0
AAPL,stocks,1614015000,2021-02-22 11:30:00,0,0,0
AAPL,stocks,1614014850,2021-02-22 11:27:00,1,0,0
AAPL,stocks,1614014700,2021-02-22 11:25:00,0,1,0
AAPL,stocks,1614014550,2021-02-22 11:22:00,0,1,0
AAPL,stocks,1614014400,2021-02-22 11:20:00,0,0,0
AAPL,stocks,1614014250,2021-02-22 11:17:00,1,0,0
AAPL,stocks,1614014100,2021-02-22 11:15:00,0,1,1
AAPL,stocks,1614013950,2021-02-22 11:12:00,1,1,0
AAPL,stocks,1614013800,2021-02-22 11:10:00,0,0,0
AAPL,stocks,1614013650,2021-02-22 11:07:00,0,1,0
AAPL,stocks,1614013500,2021-02-22 11:05:00,0,0,0
AAPL,stocks,1614013350,2021-02-22 11:02:00,0,0,0
AAPL,stocks,1614013200,2021-02-22 11:00:00,0,0,0
AAPL,stocks,1614013050,2021-02-22 10:57:00,0,0,0
AAPL,stocks,1614012900,2021-02-22 10:55:00,0,1,0
AAPL,stocks,1614012750,2021-02-22 10:52:00,0,0,0
AAPL,stocks,1614012600,2021-02-22 10:50:00,0,1,0
AAPL,stocks,1614012450,2021-02-22 10:47:00,0,0,0
AAPL,stocks,1614012300,2021-02-22 10:45:00,0,0,0
AAPL,stocks,1614012150,2021-02-22 10:42:00,1,1,0
AAPL,stocks,1614012000,2021-02-22 10:40:00,0,0,0
AAPL,stocks,1614011850,2021-02-22 10:37:00,0,0,0
AAPL,stocks,1614011700,2021-02-22 10:35:00,0,0,0
AAPL,stocks,1614011550,2021-02-22 10:32:00,0,0,0
AAPL,stocks,1614011400,2021-02-22 10:30:00,0,0,0
AAPL,stocks,1614011250,2021-02-22 10:27:00,0,0,0
AAPL,stocks,1614011100,2021-02-22 10:25:00,0,1,0
AAPL,stocks,1614010950,2021-02-22 10:22:00,0,0,0
AAPL,stocks,1614010800,2021-02-22 10:20:00,0,0,0
AAPL,stocks,1614010650,2021-02-22 10:17:00,0,0,0
AAPL,stocks,1614010500,2021-02-22 10:15:00,0,0,0
AAPL,stocks,1614010350,2021-02-22 10:12:00,0,0,0
AAPL,stocks,1614010200,2021-02-22 10:10:00,0,0,0
AAPL,stocks,1614010050,2021-02-22 10:07:00,0,0,0
AAPL,stocks,1614009900,2021-02-22 10:05:00,2,0,0
AAPL,stocks,1614009750,2021-02-22 10:02:00,0,0,0
AAPL,stocks,1614009600,2021-02-22 10:00:00,0,0,0
AAPL,stocks,1614009450,2021-02-22 09:57:00,0,0,0
AAPL,stocks,1614009300,2021-02-22 09:55:00,0,0,0
AAPL,stocks,1614009150,2021-02-22 09:52:00,0,0,0
AAPL,stocks,1614009000,2021-02-22 09:50:00,0,0,0
AAPL,stocks,1614008850,2021-02-22 09:47:00,0,2,0
AAPL,stocks,1614008700,2021-02-22 09:45:00,0,0,0
AAPL,stocks,1614008550,2021-02-22 09:42:00,0,0,0
AAPL,stocks,1614008400,2021-02-22 09:40:00,0,1,0
AAPL,stocks,1614008250,2021-02-22 09:37:00,0,0,0
AAPL,stocks,1614008100,2021-02-22 09:35:00,0,0,0
AAPL,stocks,1614007950,2021-02-22 09:32:00,0,0,0
